time,frame_type,path_id,frame_size,ack_delay,acked_ranges,largest_acked,destination_connection_id,mp_ack_ranges,relative_time,time_bucket
7.8753214,ack,0,8,0.969,1,0,,,0.0,0
509.76492,mp_ack,0,16,11.868,1,0,,0.0,0.5018895986,0
913.67303,mp_ack,0,16,0.093,1,0,,0.0,0.9057977086000001,0
1136.3345,mp_ack,0,16,0.07,1,0,,0.0,1.1284591785999998,1
1214.073,mp_ack,0,16,0.04,1,0,,0.0,1.2061976786,1
1265.47,mp_ack,0,16,0.042,1,0,,0.0,1.2575946785999998,1
1307.6671,mp_ack,0,16,0.052,1,0,,0.0,1.2997917785999997,1
1336.9868,mp_ack,0,16,0.047,1,0,,0.0,1.3291114785999998,1
1370.0167,mp_ack,0,16,0.038,1,0,,0.0,1.3621413785999998,1
1396.6267,mp_ack,0,16,0.045,1,0,,0.0,1.3887513785999999,1
1430.3505,mp_ack,0,16,0.038,1,0,,0.0,1.4224751785999998,1
1465.976,mp_ack,0,16,0.034,1,0,,0.0,1.4581006786000001,1
1501.4763,mp_ack,0,16,0.062,1,0,,0.0,1.4936009786,1
1538.4537,mp_ack,0,16,0.04,1,0,,0.0,1.5305783786,1
1572.6909,mp_ack,0,16,0.041,1,0,,0.0,1.5648155786,1
1613.7009,mp_ack,0,16,0.036,1,0,,0.0,1.6058255786,1
1654.7504,mp_ack,0,16,0.038,1,0,,0.0,1.6468750786,1
1693.7676,mp_ack,0,16,0.035,1,0,,0.0,1.6858922786,1
1731.7233,mp_ack,0,16,0.063,1,0,,0.0,1.7238479786,1
1766.0698,mp_ack,0,16,0.038,1,0,,0.0,1.7581944785999999,1
1809.2238,mp_ack,0,16,0.042,1,0,,0.0,1.8013484785999998,1
1846.6772,mp_ack,0,16,0.054,1,0,,0.0,1.8388018786,1
1895.0425,mp_ack,0,16,0.052,1,0,,0.0,1.8871671786,1
1941.8545,mp_ack,0,16,0.04,1,0,,0.0,1.9339791785999998,1
1992.0847,mp_ack,0,16,0.03,1,0,,0.0,1.9842093786000001,1
2010.9384,mp_ack,0,16,0.294,1,0,,0.0,2.0030630786,1
2062.726,mp_ack,0,16,0.072,1,0,,0.0,2.0548506786000003,1
2103.8499,mp_ack,0,16,0.037,1,0,,0.0,2.0959745786000004,1
2145.6926,mp_ack,0,16,0.035,1,0,,0.0,2.1378172786,1
2148.881,mp_ack,0,16,0.047,1,0,,0.0,2.1410056786,1
2178.8948,mp_ack,0,16,0.035,1,0,,0.0,2.1710194786000003,1
2258.8967,mp_ack,0,16,1.024,1,0,,0.0,2.2510213786,2
2325.663,mp_ack,0,16,0.035,1,0,,0.0,2.3177876786000002,2
2377.7903,mp_ack,0,16,0.04,1,0,,0.0,2.3699149786,2
2412.2961,mp_ack,0,16,0.042,1,0,,0.0,2.4044207786,2
2449.748,mp_ack,0,16,0.04,1,0,,0.0,2.4418726786000002,2
2496.0042,mp_ack,0,16,0.058,1,0,,0.0,2.4881288786,2
2547.8157,mp_ack,0,16,0.039,1,0,,0.0,2.5399403786000003,2
2588.6282,mp_ack,0,16,0.069,1,0,,0.0,2.5807528786000002,2
2620.039,mp_ack,0,16,0.08,1,0,,0.0,2.6121636786000004,2
2650.0923,mp_ack,0,16,0.083,1,0,,0.0,2.6422169786,2
2684.731,mp_ack,0,16,0.087,1,0,,0.0,2.6768556786000004,2
2732.2017,mp_ack,0,16,0.077,1,0,,0.0,2.7243263786000003,2
2778.299,mp_ack,0,16,0.035,1,0,,0.0,2.7704236786000003,2
2825.944,mp_ack,0,16,0.041,1,0,,0.0,2.8180686786,2
2875.002,mp_ack,0,16,0.064,1,0,,0.0,2.8671266786,2
2920.1306,mp_ack,0,16,0.06,1,0,,0.0,2.9122552786,2
2952.479,mp_ack,0,16,0.041,1,0,,0.0,2.9446036786,2
2988.6838,mp_ack,0,16,0.061,1,0,,0.0,2.9808084785999998,2
3031.122,mp_ack,0,16,0.037,1,0,,0.0,3.0232466786,2
3074.4993,mp_ack,0,16,0.07,1,0,,0.0,3.0666239786,2
3115.361,mp_ack,0,16,0.038,1,0,,0.0,3.1074856786000002,2
3151.947,mp_ack,0,16,0.034,1,0,,0.0,3.1440716786000005,2
3181.4736,mp_ack,0,16,0.035,1,0,,0.0,3.1735982786,2
3216.1436,mp_ack,0,16,0.038,1,0,,0.0,3.2082682786,2
3259.26,mp_ack,0,16,0.037,1,0,,0.0,3.2513846786000005,2
3302.1558,mp_ack,0,16,0.034,1,0,,0.0,3.2942804786,3
3330.7507,mp_ack,0,16,0.04,1,0,,0.0,3.3228753786,3
3381.7507,mp_ack,0,16,0.038,1,0,,0.0,3.3738753786,3
3425.7861,mp_ack,0,16,0.062,1,0,,0.0,3.4179107786,3
3464.5044,mp_ack,0,16,0.04,1,0,,0.0,3.4566290786,3
3505.1926,mp_ack,0,16,0.033,1,0,,0.0,3.4973172786,3
3539.7517,mp_ack,0,16,0.035,1,0,,0.0,3.5318763786,3
3574.2239,mp_ack,0,16,0.034,1,0,,0.0,3.5663485786,3
3602.482,mp_ack,0,16,0.037,1,0,,0.0,3.5946066786,3
3637.6426,mp_ack,0,16,0.033,1,0,,0.0,3.6297672786,3
3672.823,mp_ack,0,16,0.04,1,0,,0.0,3.6649476786,3
3707.6526,mp_ack,0,16,0.043,1,0,,0.0,3.6997772786,3
3738.1548,mp_ack,0,16,0.036,1,0,,0.0,3.7302794786,3
3770.5354,mp_ack,0,16,0.039,1,0,,0.0,3.7626600786,3
3802.5173,mp_ack,0,16,0.043,1,0,,0.0,3.7946419786,3
3832.8652,mp_ack,0,16,0.057,1,0,,0.0,3.8249898786000003,3
3866.3975,mp_ack,0,16,0.035,1,0,,0.0,3.8585221786000004,3
3902.8281,mp_ack,0,16,0.037,1,0,,0.0,3.8949527786000004,3
3938.951,mp_ack,0,16,0.044,1,0,,0.0,3.9310756786,3
3968.6648,mp_ack,0,16,0.044,1,0,,0.0,3.9607894786,3
4007.7358,mp_ack,0,16,0.052,1,0,,0.0,3.9998604786,3
4035.7026,mp_ack,0,16,0.06,1,0,,0.0,4.0278272786,3
4069.1453,mp_ack,0,16,0.066,1,0,,0.0,4.0612699786,3
4106.7627,mp_ack,0,16,0.033,1,0,,0.0,4.098887378600001,3
4144.6997,mp_ack,0,16,0.041,1,0,,0.0,4.1368243786,3
4175.788,mp_ack,0,16,0.037,1,0,,0.0,4.1679126786,3
4212.0107,mp_ack,0,16,0.04,1,0,,0.0,4.2041353786,3
4242.1533,mp_ack,0,16,0.036,1,0,,0.0,4.2342779786,3
4277.496,mp_ack,0,16,0.037,1,0,,0.0,4.2696206786,3
4313.1514,mp_ack,0,16,0.039,1,0,,0.0,4.3052760785999995,3
4345.771,mp_ack,0,16,0.039,1,0,,0.0,4.3378956786,3
4377.485,mp_ack,0,16,0.031,1,0,,0.0,4.3696096786,3
4409.574,mp_ack,0,16,0.036,1,0,,0.0,4.4016986786,4
4445.6025,mp_ack,0,16,0.036,1,0,,0.0,4.4377271786,4
4482.8184,mp_ack,0,16,0.041,1,0,,0.0,4.4749430786,4
4517.1465,mp_ack,0,16,0.038,1,0,,0.0,4.5092711786,4
4559.335,mp_ack,0,16,0.031,1,0,,0.0,4.551459678600001,4
4590.3325,mp_ack,0,16,0.04,1,0,,0.0,4.5824571786,4
4631.0,mp_ack,0,16,0.035,1,0,,0.0,4.6231246786,4
4675.9194,mp_ack,0,16,0.041,1,0,,0.0,4.6680440785999995,4
4711.814,mp_ack,0,16,0.035,1,0,,0.0,4.7039386786,4
4747.326,mp_ack,0,16,0.038,1,0,,0.0,4.7394506786,4
4780.162,mp_ack,0,16,0.033,1,0,,0.0,4.7722866786,4
4812.1196,mp_ack,0,16,0.039,1,0,,0.0,4.804244278600001,4
4845.846,mp_ack,0,16,0.037,1,0,,0.0,4.8379706786,4
4877.447,mp_ack,0,16,0.032,1,0,,0.0,4.8695716786,4
4906.7754,mp_ack,0,16,0.037,1,0,,0.0,4.8989000786000005,4
4940.4087,mp_ack,0,16,0.047,1,0,,0.0,4.9325333786000005,4
4972.9473,mp_ack,0,16,0.04,1,0,,0.0,4.9650719786,4
5003.1665,mp_ack,0,16,0.042,1,0,,0.0,4.9952911786000005,4
5036.5474,mp_ack,0,16,0.068,1,0,,0.0,5.0286720786000005,4
5070.0996,mp_ack,0,16,0.035,1,0,,0.0,5.0622242786,4
5102.0054,mp_ack,0,16,0.033,1,0,,0.0,5.0941300786,4
5131.631,mp_ack,0,16,0.056,1,0,,0.0,5.1237556786,4
5164.4136,mp_ack,0,16,0.038,1,0,,0.0,5.1565382786,4
5200.367,mp_ack,0,16,0.038,1,0,,0.0,5.192491678600001,4
5215.397,mp_ack,0,16,0.033,1,0,,0.0,5.2075216786,4
5232.8545,mp_ack,0,16,0.038,1,0,,0.0,5.224979178600001,4
5266.0903,mp_ack,0,16,0.04,1,0,,0.0,5.2582149786,4
5298.4146,mp_ack,0,16,0.039,1,0,,0.0,5.2905392786,4
5329.39,mp_ack,0,16,0.036,1,0,,0.0,5.321514678600001,4
5363.513,mp_ack,0,16,0.038,1,0,,0.0,5.3556376786,4
5400.246,mp_ack,0,16,0.042,1,0,,0.0,5.3923706786,4
5431.112,mp_ack,0,16,0.036,1,0,,0.0,5.4232366786,4
5467.5767,mp_ack,0,16,0.043,1,0,,0.0,5.4597013786,4
5495.7295,mp_ack,0,16,0.035,1,0,,0.0,5.4878541786,5
5530.542,mp_ack,0,16,0.03,1,0,,0.0,5.5226666786,5
5559.271,mp_ack,0,16,0.031,1,0,,0.0,5.5513956786,5
5590.824,mp_ack,0,16,0.038,1,0,,0.0,5.582948678599999,5
5624.583,mp_ack,0,16,0.034,1,0,,0.0,5.6167076786,5
5657.5596,mp_ack,0,16,0.034,1,0,,0.0,5.6496842786,5
5686.6274,mp_ack,0,16,0.037,1,0,,0.0,5.6787520786000005,5
5724.8394,mp_ack,0,16,0.037,1,0,,0.0,5.7169640786,5
5761.302,mp_ack,0,16,0.031,1,0,,0.0,5.7534266785999995,5
5796.0913,mp_ack,0,16,0.036,1,0,,0.0,5.7882159786,5
5830.636,mp_ack,0,16,0.051,1,0,,0.0,5.822760678600001,5
5865.7046,mp_ack,0,16,0.063,1,0,,0.0,5.857829278600001,5
5900.4795,mp_ack,0,16,0.037,1,0,,0.0,5.892604178600001,5
5933.498,mp_ack,0,16,0.036,1,0,,0.0,5.9256226786,5
5967.349,mp_ack,0,16,0.048,1,0,,0.0,5.9594736786,5
6007.517,mp_ack,0,16,0.032,1,0,,0.0,5.9996416786,5
6045.594,mp_ack,0,16,0.039,1,0,,0.0,6.0377186786,5
6072.54,mp_ack,0,16,0.032,1,0,,0.0,6.0646646786,5
6098.559,mp_ack,0,16,0.034,1,0,,0.0,6.0906836786000005,5
6130.4,mp_ack,0,16,0.035,1,0,,0.0,6.1225246786,5
6158.1865,mp_ack,0,16,0.033,1,0,,0.0,6.1503111786,5
6186.6543,mp_ack,0,16,0.04,1,0,,0.0,6.1787789786000005,5
6224.4897,mp_ack,0,16,0.032,1,0,,0.0,6.2166143786,5
6256.866,mp_ack,0,16,0.051,1,0,,0.0,6.2489906786,5
6292.484,mp_ack,0,16,0.035,1,0,,0.0,6.284608678600001,5
6325.7485,mp_ack,0,16,0.037,1,0,,0.0,6.3178731786,5
6359.855,mp_ack,0,16,0.041,1,0,,0.0,6.351979678599999,5
6395.5635,mp_ack,0,16,0.031,1,0,,0.0,6.3876881786,5
6433.6714,mp_ack,0,16,0.029,1,0,,0.0,6.4257960786,5
6468.716,mp_ack,0,16,0.034,1,0,,0.0,6.4608406786,5
6501.406,mp_ack,0,16,0.031,1,0,,0.0,6.4935306786,5
6534.9854,mp_ack,0,16,0.052,1,0,,0.0,6.5271100786,5
6569.089,mp_ack,0,16,0.033,1,0,,0.0,6.5612136786,5
6595.5264,mp_ack,0,16,0.041,1,0,,0.0,6.5876510785999995,6
6629.644,mp_ack,0,16,0.039,1,0,,0.0,6.6217686786000005,6
6666.6816,mp_ack,0,16,0.064,1,0,,0.0,6.6588062786,6
6700.877,mp_ack,0,16,0.069,1,0,,0.0,6.693001678600001,6
6734.692,mp_ack,0,16,0.062,1,0,,0.0,6.7268166786000005,6
6766.06,mp_ack,0,16,0.074,1,0,,0.0,6.7581846786,6
6799.448,mp_ack,0,16,0.07,1,0,,0.0,6.791572678600001,6
6826.6465,mp_ack,0,16,0.08,1,0,,0.0,6.8187711786,6
6867.882,mp_ack,0,16,0.047,1,0,,0.0,6.8600066786,6
6908.881,mp_ack,0,16,0.036,1,0,,0.0,6.901005678600001,6
6950.3286,mp_ack,0,16,0.033,1,0,,0.0,6.9424532786,6
6983.6694,mp_ack,0,16,0.037,1,0,,0.0,6.9757940786,6
7026.5845,mp_ack,0,16,0.033,1,0,,0.0,7.0187091786,6
7056.5146,mp_ack,0,16,0.05,1,0,,0.0,7.0486392786000005,6
7080.793,mp_ack,0,16,0.045,1,0,,0.0,7.0729176786,6
7108.46,mp_ack,0,16,0.052,1,0,,0.0,7.1005846786,6
7144.2017,mp_ack,0,16,0.041,1,0,,0.0,7.1363263786,6
7181.7666,mp_ack,0,16,0.037,1,0,,0.0,7.1738912786,6
7215.923,mp_ack,0,16,0.037,1,0,,0.0,7.2080476786,6
7252.681,mp_ack,0,16,0.047,1,0,,0.0,7.2448056786,6
7283.511,mp_ack,0,16,0.051,1,0,,0.0,7.2756356786000005,6
7309.664,mp_ack,0,16,0.038,1,0,,0.0,7.3017886785999995,6
7338.7764,mp_ack,0,16,0.032,1,0,,0.0,7.3309010786,6
7377.4517,mp_ack,0,16,0.038,1,0,,0.0,7.3695763786,6
7408.6753,mp_ack,0,16,0.036,1,0,,0.0,7.4007999786,6
7443.8105,mp_ack,0,16,0.032,1,0,,0.0,7.435935178599999,6
7475.0723,mp_ack,0,16,0.038,1,0,,0.0,7.4671969786,6
7506.161,mp_ack,0,16,0.041,1,0,,0.0,7.4982856786,6
7535.8257,mp_ack,0,16,0.04,1,0,,0.0,7.527950378600001,6
7566.0366,mp_ack,0,16,0.037,1,0,,0.0,7.5581612786,6
7600.1543,mp_ack,0,16,0.039,1,0,,0.0,7.5922789786000004,6
7631.9214,mp_ack,0,16,0.035,1,0,,0.0,7.6240460786,6
7662.2134,mp_ack,0,16,0.033,1,0,,0.0,7.6543380785999995,6
7690.053,mp_ack,0,16,0.043,1,0,,0.0,7.6821776786000004,7
7724.3926,mp_ack,0,16,0.039,1,0,,0.0,7.7165172786000005,7
7757.3545,mp_ack,0,16,0.041,1,0,,0.0,7.749479178600001,7
7794.5454,mp_ack,0,16,0.03,1,0,,0.0,7.7866700786,7
7826.518,mp_ack,0,16,0.037,1,0,,0.0,7.8186426786,7
7860.895,mp_ack,0,16,0.039,1,0,,0.0,7.853019678600001,7
7896.446,mp_ack,0,16,0.036,1,0,,0.0,7.8885706786,7
7927.895,mp_ack,0,16,0.036,1,0,,0.0,7.920019678600001,7
7960.1973,mp_ack,0,16,0.036,1,0,,0.0,7.9523219786,7
7987.74,mp_ack,0,16,0.037,1,0,,0.0,7.9798646786,7
8019.8335,mp_ack,0,16,0.041,1,0,,0.0,8.0119581786,7
8056.1294,mp_ack,0,16,0.037,1,0,,0.0,8.0482540786,7
8087.025,mp_ack,0,16,0.038,1,0,,0.0,8.0791496786,7
8118.886,mp_ack,0,16,0.04,1,0,,0.0,8.111010678600001,7
8151.9136,mp_ack,0,16,0.036,1,0,,0.0,8.1440382786,7
8178.522,mp_ack,0,16,0.039,1,0,,0.0,8.1706466786,7
8211.999,mp_ack,0,16,0.033,1,0,,0.0,8.204123678599998,7
8245.458,mp_ack,0,16,0.036,1,0,,0.0,8.237582678599999,7
8274.619,mp_ack,0,16,0.036,1,0,,0.0,8.2667436786,7
8315.968,mp_ack,0,16,0.036,1,0,,0.0,8.3080926786,7
8344.455,mp_ack,0,16,0.032,1,0,,0.0,8.3365796786,7
8372.213,mp_ack,0,16,0.037,1,0,,0.0,8.364337678599998,7
8402.916,mp_ack,0,16,0.039,1,0,,0.0,8.3950406786,7
8442.152,mp_ack,0,16,0.04,1,0,,0.0,8.4342766786,7
8478.764,mp_ack,0,16,0.035,1,0,,0.0,8.470888678599998,7
8519.07,mp_ack,0,16,0.033,1,0,,0.0,8.511194678599999,7
8550.948,mp_ack,0,16,0.035,1,0,,0.0,8.5430726786,7
8582.02,mp_ack,0,16,0.05,1,0,,0.0,8.5741446786,7
8611.918,mp_ack,0,16,0.039,1,0,,0.0,8.604042678599999,7
8651.92,mp_ack,0,16,0.042,1,0,,0.0,8.644044678599998,7
8687.771,mp_ack,0,16,0.035,1,0,,0.0,8.6798956786,7
8716.161,mp_ack,0,16,0.033,1,0,,0.0,8.7082856786,7
8746.133,mp_ack,0,16,0.033,1,0,,0.0,8.738257678599998,7
8773.498,mp_ack,0,16,0.045,1,0,,0.0,8.765622678599998,7
8805.166,mp_ack,0,16,0.036,1,0,,0.0,8.797290678599998,8
8835.673,mp_ack,0,16,0.056,1,0,,0.0,8.8277976786,8
8865.926,mp_ack,0,16,0.038,1,0,,0.0,8.858050678599998,8
8896.676,mp_ack,0,16,0.036,1,0,,0.0,8.8888006786,8
8924.598,mp_ack,0,16,0.032,1,0,,0.0,8.9167226786,8
8954.914,mp_ack,0,16,0.036,1,0,,0.0,8.9470386786,8
8989.095,mp_ack,0,16,0.045,1,0,,0.0,8.981219678599999,8
9022.526,mp_ack,0,16,0.111,1,0,,0.0,9.014650678599999,8
9054.073,mp_ack,0,16,0.049,1,0,,0.0,9.046197678599999,8
9088.682,mp_ack,0,16,0.036,1,0,,0.0,9.0808066786,8
9122.716,mp_ack,0,16,0.031,1,0,,0.0,9.1148406786,8
9154.9375,mp_ack,0,16,0.033,1,0,,0.0,9.147062178599999,8
9183.46,mp_ack,0,16,0.043,1,0,,0.0,9.175584678599998,8
9217.977,mp_ack,0,16,0.063,1,0,,0.0,9.2101016786,8
9256.85,mp_ack,0,16,0.034,1,0,,0.0,9.2489746786,8
9284.777,mp_ack,0,16,0.043,1,0,,0.0,9.2769016786,8
9313.898,mp_ack,0,16,0.047,1,0,,0.0,9.306022678599998,8
9353.207,mp_ack,0,16,0.035,1,0,,0.0,9.3453316786,8
9383.357,mp_ack,0,16,0.04,1,0,,0.0,9.3754816786,8
9413.379,mp_ack,0,16,0.065,1,0,,0.0,9.4055036786,8
9437.623,mp_ack,0,16,0.049,1,0,,0.0,9.429747678599998,8
9474.192,mp_ack,0,16,0.039,1,0,,0.0,9.466316678599998,8
9502.716,mp_ack,0,16,0.041,1,0,,0.0,9.4948406786,8
9535.394,mp_ack,0,16,0.038,1,0,,0.0,9.5275186786,8
9567.8125,mp_ack,0,16,0.037,1,0,,0.0,9.559937178599998,8
9596.61,mp_ack,0,16,0.036,1,0,,0.0,9.5887346786,8
9633.862,mp_ack,0,16,0.043,1,0,,0.0,9.625986678599999,8
9667.841,mp_ack,0,16,0.04,1,0,,0.0,9.659965678599999,8
9705.614,mp_ack,0,16,0.031,1,0,,0.0,9.697738678599999,8
9734.884,mp_ack,0,16,0.037,1,0,,0.0,9.727008678599999,8
9768.368,mp_ack,0,16,0.033,1,0,,0.0,9.7604926786,8
9800.928,mp_ack,0,16,0.042,1,0,,0.0,9.793052678599999,8
9829.411,mp_ack,0,16,0.039,1,0,,0.0,9.8215356786,8
9862.317,mp_ack,0,16,0.05,1,0,,0.0,9.854441678599999,8
9894.005,mp_ack,0,16,0.041,1,0,,0.0,9.886129678599998,9
9926.216,mp_ack,0,16,0.043,1,0,,0.0,9.9183406786,9
9959.686,mp_ack,0,16,0.033,1,0,,0.0,9.9518106786,9
9990.9795,mp_ack,0,16,0.035,1,0,,0.0,9.983104178599998,9
10020.569,mp_ack,0,16,0.033,1,0,,0.0,10.012693678599998,9
10053.785,mp_ack,0,16,0.04,1,0,,0.0,10.0459096786,9
10088.939,mp_ack,0,16,0.034,1,0,,0.0,10.0810636786,9
10121.616,mp_ack,0,16,0.038,1,0,,0.0,10.1137406786,9
10150.332,mp_ack,0,16,0.041,1,0,,0.0,10.1424566786,9
10189.355,mp_ack,0,16,0.033,1,0,,0.0,10.181479678599999,9
10216.617,mp_ack,0,16,0.045,1,0,,0.0,10.2087416786,9
10243.446,mp_ack,0,16,0.038,1,0,,0.0,10.235570678599998,9
10279.959,mp_ack,0,16,0.051,1,0,,0.0,10.2720836786,9
10303.812,mp_ack,0,16,0.04,1,0,,0.0,10.295936678599999,9
10338.838,mp_ack,0,16,0.044,1,0,,0.0,10.330962678599999,9
10371.308,mp_ack,0,16,0.035,1,0,,0.0,10.3634326786,9
10397.901,mp_ack,0,16,0.035,1,0,,0.0,10.390025678599999,9
10432.396,mp_ack,0,16,0.033,1,0,,0.0,10.4245206786,9
10461.133,mp_ack,0,16,0.038,1,0,,0.0,10.453257678599998,9
10501.435,mp_ack,0,16,0.05,1,0,,0.0,10.493559678599999,9
10531.279,mp_ack,0,16,0.035,1,0,,0.0,10.5234036786,9
10560.738,mp_ack,0,16,0.04,1,0,,0.0,10.552862678599999,9
10593.744,mp_ack,0,16,0.031,1,0,,0.0,10.5858686786,9
10622.282,mp_ack,0,16,0.049,1,0,,0.0,10.614406678599998,9
10650.718,mp_ack,0,16,0.038,1,0,,0.0,10.6428426786,9
10680.192,mp_ack,0,16,0.033,1,0,,0.0,10.672316678599998,9
10712.263,mp_ack,0,16,0.035,1,0,,0.0,10.7043876786,9
10745.202,mp_ack,0,16,0.029,1,0,,0.0,10.737326678599999,9
10772.034,mp_ack,0,16,0.045,1,0,,0.0,10.7641586786,9
10804.434,mp_ack,0,16,0.027,1,0,,0.0,10.796558678599999,9
10832.334,mp_ack,0,16,0.03,1,0,,0.0,10.8244586786,9
10862.93,mp_ack,0,16,0.034,1,0,,0.0,10.8550546786,9
10893.351,mp_ack,0,16,0.038,1,0,,0.0,10.8854756786,9
10925.086,mp_ack,0,16,0.034,1,0,,0.0,10.917210678599998,9
10950.639,mp_ack,0,16,0.031,1,0,,0.0,10.942763678599999,9
10980.646,mp_ack,0,16,0.029,1,0,,0.0,10.9727706786,10
11008.508,mp_ack,0,16,0.032,1,0,,0.0,11.000632678599999,10
11038.0205,mp_ack,0,16,0.031,1,0,,0.0,11.0301451786,10
11064.526,mp_ack,0,16,0.031,1,0,,0.0,11.056650678599999,10
11093.49,mp_ack,0,16,0.021,1,0,,0.0,11.085614678599999,10
11125.377,mp_ack,0,16,0.03,1,0,,0.0,11.1175016786,10
11155.978,mp_ack,0,16,0.024,1,0,,0.0,11.148102678599999,10
11183.292,mp_ack,0,16,0.064,1,0,,0.0,11.1754166786,10
11214.415,mp_ack,0,16,0.025,1,0,,0.0,11.2065396786,10
11244.633,mp_ack,0,16,0.026,1,0,,0.0,11.236757678599998,10
11276.351,mp_ack,0,16,0.021,1,0,,0.0,11.2684756786,10
11311.073,mp_ack,0,16,0.024,1,0,,0.0,11.3031976786,10
11336.734,mp_ack,0,16,0.025,1,0,,0.0,11.3288586786,10
11365.892,mp_ack,0,16,0.051,1,0,,0.0,11.358016678599999,10
11395.218,mp_ack,0,16,0.026,1,0,,0.0,11.3873426786,10
11423.746,mp_ack,0,16,0.027,1,0,,0.0,11.4158706786,10
11454.882,mp_ack,0,16,0.032,1,0,,0.0,11.4470066786,10
11481.044,mp_ack,0,16,0.025,1,0,,0.0,11.473168678599999,10
11514.976,mp_ack,0,16,0.022,1,0,,0.0,11.5071006786,10
11540.601,mp_ack,0,16,0.029,1,0,,0.0,11.5327256786,10
11569.933,mp_ack,0,16,0.031,1,0,,0.0,11.5620576786,10
11598.81,mp_ack,0,16,0.025,1,0,,0.0,11.590934678599998,10
11626.266,mp_ack,0,16,0.024,1,0,,0.0,11.618390678599999,10
11659.606,mp_ack,0,16,0.021,1,0,,0.0,11.6517306786,10
11686.582,mp_ack,0,16,0.019,1,0,,0.0,11.6787066786,10
11722.773,mp_ack,0,16,0.052,1,0,,0.0,11.714897678599998,10
11756.536,mp_ack,0,16,0.028,1,0,,0.0,11.748660678599999,10
11784.481,mp_ack,0,16,0.021,1,0,,0.0,11.7766056786,10
11810.079,mp_ack,0,16,0.019,1,0,,0.0,11.8022036786,10
11839.94,mp_ack,0,16,0.03,1,0,,0.0,11.8320646786,10
11867.501,mp_ack,0,16,0.019,1,0,,0.0,11.859625678599999,10
11894.0,mp_ack,0,16,0.02,1,0,,0.0,11.8861246786,10
11925.18,mp_ack,0,16,0.031,1,0,,0.0,11.917304678599999,10
11957.456,mp_ack,0,16,0.025,1,0,,0.0,11.949580678599999,10
11987.363,mp_ack,0,16,0.031,1,0,,0.0,11.979487678599998,10
12014.906,mp_ack,0,16,0.025,1,0,,0.0,12.0070306786,10
12043.03,mp_ack,0,16,0.023,1,0,,0.0,12.0351546786,10
12070.622,mp_ack,0,16,0.025,1,0,,0.0,12.062746678599998,10
12101.347,mp_ack,0,16,0.024,1,0,,0.0,12.093471678599998,11
12134.047,mp_ack,0,16,0.027,1,0,,0.0,12.1261716786,11
12168.113,mp_ack,0,16,0.022,1,0,,0.0,12.160237678599998,11
12198.298,mp_ack,0,16,0.023,1,0,,0.0,12.1904226786,11
12224.249,mp_ack,0,16,0.02,1,0,,0.0,12.216373678599998,11
12247.859,mp_ack,0,16,0.027,1,0,,0.0,12.2399836786,11
12275.516,mp_ack,0,16,0.023,1,0,,0.0,12.2676406786,11
12298.472,mp_ack,0,16,0.023,1,0,,0.0,12.290596678599998,11
12299.106,mp_ack,0,16,0.017,1,0,,0.0,12.2912306786,11
12324.291,mp_ack,0,16,0.018,1,0,,0.0,12.316415678599999,11
12355.501,mp_ack,0,16,0.022,1,0,,0.0,12.3476256786,11
12379.809,mp_ack,0,16,0.024,1,0,,0.0,12.371933678599998,11
12400.292,mp_ack,0,16,0.025,1,0,,0.0,12.392416678599998,11
12428.511,mp_ack,0,16,0.018,1,0,,0.0,12.4206356786,11
12458.092,mp_ack,0,16,0.016,1,0,,0.0,12.4502166786,11
12483.273,mp_ack,0,16,0.029,1,0,,0.0,12.475397678599998,11
12506.821,mp_ack,0,16,0.028,1,0,,0.0,12.498945678599998,11
12532.369,mp_ack,0,16,0.016,1,0,,0.0,12.524493678599999,11
12563.516,mp_ack,0,16,0.024,1,0,,0.0,12.5556406786,11
12591.749,mp_ack,0,16,0.021,1,0,,0.0,12.5838736786,11
12619.665,mp_ack,0,16,0.022,1,0,,0.0,12.611789678600001,11
12645.306,mp_ack,0,16,0.021,1,0,,0.0,12.6374306786,11
12671.007,mp_ack,0,16,0.017,1,0,,0.0,12.6631316786,11
12697.644,mp_ack,0,16,0.017,1,0,,0.0,12.6897686786,11
12721.038,mp_ack,0,16,0.022,1,0,,0.0,12.7131626786,11
12744.316,mp_ack,0,16,0.021,1,0,,0.0,12.7364406786,11
12778.383,mp_ack,0,16,0.027,1,0,,0.0,12.7705076786,11
12803.179,mp_ack,0,16,0.023,1,0,,0.0,12.7953036786,11
12831.098,mp_ack,0,16,0.031,1,0,,0.0,12.823222678599999,11
12853.047,mp_ack,0,16,0.017,1,0,,0.0,12.8451716786,11
12881.009,mp_ack,0,16,0.033,1,0,,0.0,12.873133678599999,11
12907.445,mp_ack,0,16,0.018,1,0,,0.0,12.899569678599999,11
12934.315,mp_ack,0,16,0.022,1,0,,0.0,12.9264396786,11
12964.8125,mp_ack,0,16,0.024,1,0,,0.0,12.956937178599999,11
13001.27,mp_ack,0,16,0.023,1,0,,0.0,12.9933946786,11
13024.852,mp_ack,0,16,0.023,1,0,,0.0,13.0169766786,11
13053.525,mp_ack,0,16,0.031,1,0,,0.0,13.045649678599998,11
13081.629,mp_ack,0,16,0.017,1,0,,0.0,13.0737536786,11
13108.312,mp_ack,0,16,0.025,1,0,,0.0,13.1004366786,11
13136.599,mp_ack,0,16,0.032,1,0,,0.0,13.1287236786,11
13160.6875,mp_ack,0,16,0.018,1,0,,0.0,13.1528121786,11
13201.818,mp_ack,0,16,0.022,1,0,,0.0,13.1939426786,12
13229.317,mp_ack,0,16,0.02,1,0,,0.0,13.221441678599998,12
13254.343,mp_ack,0,16,0.019,1,0,,0.0,13.2464676786,12
13283.698,mp_ack,0,16,0.023,1,0,,0.0,13.275822678599999,12
13311.49,mp_ack,0,16,0.034,1,0,,0.0,13.303614678599999,12
13337.338,mp_ack,0,16,0.024,1,0,,0.0,13.329462678599999,12
13365.637,mp_ack,0,16,0.021,1,0,,0.0,13.3577616786,12
13403.624,mp_ack,0,16,0.03,1,0,,0.0,13.395748678599999,12
13433.358,mp_ack,0,16,0.038,1,0,,0.0,13.4254826786,12
13457.436,mp_ack,0,16,0.025,1,0,,0.0,13.4495606786,12
13480.83,mp_ack,0,16,0.025,1,0,,0.0,13.472954678599999,12
13502.81,mp_ack,0,16,0.02,1,0,,0.0,13.494934678599998,12
13528.42,mp_ack,0,16,0.02,1,0,,0.0,13.520544678599999,12
13555.303,mp_ack,0,16,0.021,1,0,,0.0,13.547427678599998,12
13578.397,mp_ack,0,16,0.02,1,0,,0.0,13.5705216786,12
13611.25,mp_ack,0,16,0.025,1,0,,0.0,13.6033746786,12
13640.457,mp_ack,0,16,0.019,1,0,,0.0,13.6325816786,12
13665.479,mp_ack,0,16,0.025,1,0,,0.0,13.6576036786,12
13691.195,mp_ack,0,16,0.017,1,0,,0.0,13.683319678599998,12
13716.506,mp_ack,0,16,0.023,1,0,,0.0,13.708630678599999,12
13740.642,mp_ack,0,16,0.017,1,0,,0.0,13.732766678599999,12
13765.936,mp_ack,0,16,0.023,1,0,,0.0,13.7580606786,12
13791.994,mp_ack,0,16,0.02,1,0,,0.0,13.7841186786,12
13825.605,mp_ack,0,16,0.024,1,0,,0.0,13.8177296786,12
13851.844,mp_ack,0,16,0.023,1,0,,0.0,13.843968678599998,12
13879.701,mp_ack,0,16,0.018,1,0,,0.0,13.871825678599999,12
13904.859,mp_ack,0,16,0.021,1,0,,0.0,13.8969836786,12
13927.345,mp_ack,0,16,0.024,1,0,,0.0,13.919469678599999,12
13953.103,mp_ack,0,16,0.023,1,0,,0.0,13.945227678599998,12
13976.12,mp_ack,0,16,0.02,1,0,,0.0,13.9682446786,12
14000.829,mp_ack,0,16,0.024,1,0,,0.0,13.9929536786,12
14033.347,mp_ack,0,16,0.031,1,0,,0.0,14.025471678599999,12
14059.421,mp_ack,0,16,0.02,1,0,,0.0,14.0515456786,12
14082.263,mp_ack,0,16,0.043,1,0,,0.0,14.0743876786,12
14108.036,mp_ack,0,16,0.019,1,0,,0.0,14.1001606786,12
14131.073,mp_ack,0,16,0.018,1,0,,0.0,14.1231976786,12
14159.294,mp_ack,0,16,0.034,1,0,,0.0,14.151418678599999,12
14181.3,mp_ack,0,16,0.019,1,0,,0.0,14.173424678599998,12
14206.403,mp_ack,0,16,0.025,1,0,,0.0,14.1985276786,12
14238.233,mp_ack,0,16,0.024,1,0,,0.0,14.230357678599999,12
14259.811,mp_ack,0,16,0.022,1,0,,0.0,14.251935678599999,12
14284.644,mp_ack,0,16,0.021,1,0,,0.0,14.2767686786,13
14308.529,mp_ack,0,16,0.021,1,0,,0.0,14.3006536786,13
14335.818,mp_ack,0,16,0.021,1,0,,0.0,14.327942678599998,13
14358.67,mp_ack,0,16,0.015,1,0,,0.0,14.3507946786,13
14385.681,mp_ack,0,16,0.016,1,0,,0.0,14.3778056786,13
14404.522,mp_ack,0,16,0.019,1,0,,0.0,14.3966466786,13
14435.41,mp_ack,0,16,0.025,1,0,,0.0,14.427534678599999,13
14460.278,mp_ack,0,16,0.016,1,0,,0.0,14.452402678599999,13
14483.009,mp_ack,0,16,0.02,1,0,,0.0,14.475133678599999,13
14506.536,mp_ack,0,16,0.019,1,0,,0.0,14.498660678599999,13
14530.559,mp_ack,0,16,0.019,1,0,,0.0,14.522683678599998,13
14553.353,mp_ack,0,16,0.02,1,0,,0.0,14.545477678599998,13
14575.884,mp_ack,0,16,0.021,1,0,,0.0,14.5680086786,13
14600.651,mp_ack,0,16,0.014,1,0,,0.0,14.592775678599999,13
14623.759,mp_ack,0,16,0.02,1,0,,0.0,14.6158836786,13
14654.363,mp_ack,0,16,0.024,1,0,,0.0,14.646487678599998,13
14679.435,mp_ack,0,16,0.027,1,0,,0.0,14.6715596786,13
14703.111,mp_ack,0,16,0.017,1,0,,0.0,14.6952356786,13
14721.86,mp_ack,0,16,0.02,1,0,,0.0,14.7139846786,13
14745.511,mp_ack,0,16,0.019,1,0,,0.0,14.7376356786,13
14767.107,mp_ack,0,16,0.015,1,0,,0.0,14.759231678599999,13
14792.436,mp_ack,0,16,0.016,1,0,,0.0,14.784560678599998,13
14808.927,mp_ack,0,16,0.018,1,0,,0.0,14.801051678599999,13
14830.062,mp_ack,0,16,0.017,1,0,,0.0,14.8221866786,13
14856.048,mp_ack,0,16,0.02,1,0,,0.0,14.8481726786,13
14881.85,mp_ack,0,16,0.025,1,0,,0.0,14.8739746786,13
14905.03,mp_ack,0,16,0.015,1,0,,0.0,14.8971546786,13
14926.128,mp_ack,0,16,0.018,1,0,,0.0,14.9182526786,13
14950.018,mp_ack,0,16,0.019,1,0,,0.0,14.9421426786,13
14971.651,mp_ack,0,16,0.031,1,0,,0.0,14.9637756786,13
14992.518,mp_ack,0,16,0.024,1,0,,0.0,14.984642678599998,13
15014.881,mp_ack,0,16,0.035,1,0,,0.0,15.007005678599999,13
15035.9,mp_ack,0,16,0.034,1,0,,0.0,15.0280246786,13
15063.31,mp_ack,0,16,0.018,1,0,,0.0,15.0554346786,13
15081.089,mp_ack,0,16,0.018,1,0,,0.0,15.073213678599998,13
15102.454,mp_ack,0,16,0.017,1,0,,0.0,15.0945786786,13
15123.194,mp_ack,0,16,0.033,1,0,,0.0,15.1153186786,13
15147.667,mp_ack,0,16,0.015,1,0,,0.0,15.139791678599998,13
15169.335,mp_ack,0,16,0.016,1,0,,0.0,15.161459678599998,13
15189.355,mp_ack,0,16,0.018,1,0,,0.0,15.181479678599999,13
15216.216,mp_ack,0,16,0.024,1,0,,0.0,15.208340678599999,13
15237.54,mp_ack,0,16,0.016,1,0,,0.0,15.2296646786,13
15260.9375,mp_ack,0,16,0.028,1,0,,0.0,15.253062178599999,13
15281.522,mp_ack,0,16,0.016,1,0,,0.0,15.2736466786,13
15303.393,mp_ack,0,16,0.025,1,0,,0.0,15.2955176786,13
15325.043,mp_ack,0,16,0.017,1,0,,0.0,15.317167678599999,13
15346.114,mp_ack,0,16,0.018,1,0,,0.0,15.338238678599998,13
15369.683,mp_ack,0,16,0.018,1,0,,0.0,15.3618076786,14
15394.366,mp_ack,0,16,0.019,1,0,,0.0,15.3864906786,14
15417.534,mp_ack,0,16,0.015,1,0,,0.0,15.4096586786,14
15436.726,mp_ack,0,16,0.016,1,0,,0.0,15.4288506786,14
15458.191,mp_ack,0,16,0.017,1,0,,0.0,15.450315678599999,14
15484.878,mp_ack,0,16,0.033,1,0,,0.0,15.4770026786,14
15508.252,mp_ack,0,16,0.024,1,0,,0.0,15.5003766786,14
15529.321,mp_ack,0,16,0.029,1,0,,0.0,15.5214456786,14
15552.141,mp_ack,0,16,0.021,1,0,,0.0,15.544265678599999,14
15577.612,mp_ack,0,16,0.019,1,0,,0.0,15.569736678599998,14
15602.66,mp_ack,0,16,0.035,1,0,,0.0,15.5947846786,14
15624.724,mp_ack,0,16,0.017,1,0,,0.0,15.6168486786,14
15648.192,mp_ack,0,16,0.018,1,0,,0.0,15.640316678599998,14
15670.452,mp_ack,0,16,0.027,1,0,,0.0,15.662576678599999,14
15693.295,mp_ack,0,16,0.023,1,0,,0.0,15.685419678599999,14
15718.614,mp_ack,0,16,0.015,1,0,,0.0,15.710738678599999,14
15740.59,mp_ack,0,16,0.017,1,0,,0.0,15.732714678599999,14
15764.371,mp_ack,0,16,0.025,1,0,,0.0,15.756495678599999,14
15786.934,mp_ack,0,16,0.02,1,0,,0.0,15.779058678599998,14
15812.441,mp_ack,0,16,0.022,1,0,,0.0,15.8045656786,14
15834.655,mp_ack,0,16,0.02,1,0,,0.0,15.8267796786,14
15856.593,mp_ack,0,16,0.019,1,0,,0.0,15.8487176786,14
15881.346,mp_ack,0,16,0.021,1,0,,0.0,15.873470678599999,14
15907.15,mp_ack,0,16,0.023,1,0,,0.0,15.8992746786,14
15932.184,mp_ack,0,16,0.015,1,0,,0.0,15.9243086786,14
15952.197,mp_ack,0,16,0.02,1,0,,0.0,15.9443216786,14
15973.091,mp_ack,0,16,0.018,1,0,,0.0,15.9652156786,14
15994.089,mp_ack,0,16,0.019,1,0,,0.0,15.986213678599999,14
16021.214,mp_ack,0,16,0.017,1,0,,0.0,16.0133386786,14
16046.61,mp_ack,0,16,0.025,1,0,,0.0,16.0387346786,14
16064.675,mp_ack,0,16,0.018,1,0,,0.0,16.056799678599997,14
16086.54,mp_ack,0,16,0.024,1,0,,0.0,16.0786646786,14
16107.206,mp_ack,0,16,0.018,1,0,,0.0,16.099330678599998,14
16133.5625,mp_ack,0,16,0.022,1,0,,0.0,16.1256871786,14
16153.923,mp_ack,0,16,0.016,1,0,,0.0,16.1460476786,14
16175.241,mp_ack,0,16,0.015,1,0,,0.0,16.1673656786,14
16199.037,mp_ack,0,16,0.015,1,0,,0.0,16.1911616786,14
16221.786,mp_ack,0,16,0.028,1,0,,0.0,16.213910678599998,14
16242.664,mp_ack,0,16,0.016,1,0,,0.0,16.2347886786,14
16268.215,mp_ack,0,16,0.019,1,0,,0.0,16.260339678599998,14
16287.531,mp_ack,0,16,0.014,1,0,,0.0,16.2796556786,14
16308.357,mp_ack,0,16,0.02,1,0,,0.0,16.3004816786,14
16333.492,mp_ack,0,16,0.015,1,0,,0.0,16.3256166786,14
16353.6875,mp_ack,0,16,0.021,1,0,,0.0,16.3458121786,14
16379.032,mp_ack,0,16,0.023,1,0,,0.0,16.3711566786,14
16401.666,mp_ack,0,16,0.017,1,0,,0.0,16.393790678600002,14
16424.25,mp_ack,0,16,0.026,1,0,,0.0,16.4163746786,14
16444.676,mp_ack,0,16,0.027,1,0,,0.0,16.4368006786,14
16467.799,mp_ack,0,16,0.026,1,0,,0.0,16.4599236786,15
16487.578,mp_ack,0,16,0.018,1,0,,0.0,16.479702678600002,15
16518.094,mp_ack,0,16,0.014,1,0,,0.0,16.5102186786,15
16539.295,mp_ack,0,16,0.015,1,0,,0.0,16.5314196786,15
16562.066,mp_ack,0,16,0.034,1,0,,0.0,16.5541906786,15
16585.521,mp_ack,0,16,0.017,1,0,,0.0,16.577645678600003,15
16610.15,mp_ack,0,16,0.017,1,0,,0.0,16.602274678600004,15
16633.256,mp_ack,0,16,0.016,1,0,,0.0,16.625380678600003,15
16653.982,mp_ack,0,16,0.031,1,0,,0.0,16.646106678600002,15
16678.678,mp_ack,0,16,0.026,1,0,,0.0,16.6708026786,15
16702.943,mp_ack,0,16,0.024,1,0,,0.0,16.6950676786,15
16726.11,mp_ack,0,16,0.019,1,0,,0.0,16.718234678600002,15
16750.506,mp_ack,0,16,0.015,1,0,,0.0,16.7426306786,15
16772.502,mp_ack,0,16,0.025,1,0,,0.0,16.764626678600003,15
16793.535,mp_ack,0,16,0.014,1,0,,0.0,16.785659678600002,15
16816.607,mp_ack,0,16,0.017,1,0,,0.0,16.8087316786,15
16838.695,mp_ack,0,16,0.019,1,0,,0.0,16.8308196786,15
16862.87,mp_ack,0,16,0.018,1,0,,0.0,16.8549946786,15
16880.787,mp_ack,0,16,0.018,1,0,,0.0,16.8729116786,15
16902.322,mp_ack,0,16,0.016,1,0,,0.0,16.8944466786,15
16924.139,mp_ack,0,16,0.02,1,0,,0.0,16.9162636786,15
16947.262,mp_ack,0,16,0.032,1,0,,0.0,16.9393866786,15
16970.324,mp_ack,0,16,0.018,1,0,,0.0,16.9624486786,15
16990.477,mp_ack,0,16,0.016,1,0,,0.0,16.9826016786,15
17014.105,mp_ack,0,16,0.025,1,0,,0.0,17.0062296786,15
17036.793,mp_ack,0,16,0.016,1,0,,0.0,17.028917678600003,15
17057.736,mp_ack,0,16,0.03,1,0,,0.0,17.0498606786,15
17082.043,mp_ack,0,16,0.016,1,0,,0.0,17.074167678600002,15
17102.912,mp_ack,0,16,0.018,1,0,,0.0,17.0950366786,15
17124.11,mp_ack,0,16,0.015,1,0,,0.0,17.1162346786,15
17144.754,mp_ack,0,16,0.018,1,0,,0.0,17.136878678600002,15
17167.375,mp_ack,0,16,0.017,1,0,,0.0,17.1594996786,15
17192.281,mp_ack,0,16,0.02,1,0,,0.0,17.1844056786,15
17215.18,mp_ack,0,16,0.017,1,0,,0.0,17.2073046786,15
17237.021,mp_ack,0,16,0.036,1,0,,0.0,17.229145678600002,15
17263.006,mp_ack,0,16,0.016,1,0,,0.0,17.255130678600004,15
17285.139,mp_ack,0,16,0.016,1,0,,0.0,17.2772636786,15
17307.668,mp_ack,0,16,0.02,1,0,,0.0,17.299792678600003,15
17332.768,mp_ack,0,16,0.017,1,0,,0.0,17.3248926786,15
17354.098,mp_ack,0,16,0.028,1,0,,0.0,17.346222678600004,15
17377.625,mp_ack,0,16,0.017,1,0,,0.0,17.3697496786,15
17402.36,mp_ack,0,16,0.02,1,0,,0.0,17.3944846786,15
17428.555,mp_ack,0,16,0.034,1,0,,0.0,17.420679678600003,15
17453.791,mp_ack,0,16,0.019,1,0,,0.0,17.445915678600002,15
17479.748,mp_ack,0,16,0.035,1,0,,0.0,17.4718726786,15
17500.49,mp_ack,0,16,0.019,1,0,,0.0,17.492614678600003,15
17524.676,mp_ack,0,16,0.015,1,0,,0.0,17.5168006786,15
17544.818,mp_ack,0,16,0.019,1,0,,0.0,17.5369426786,15
17567.277,mp_ack,0,16,0.029,1,0,,0.0,17.5594016786,16
17590.04,mp_ack,0,16,0.017,1,0,,0.0,17.5821646786,16
17612.742,mp_ack,0,16,0.019,1,0,,0.0,17.6048666786,16
17633.988,mp_ack,0,16,0.041,1,0,,0.0,17.626112678600002,16
17655.967,mp_ack,0,16,0.023,1,0,,0.0,17.6480916786,16
17680.27,mp_ack,0,16,0.03,1,0,,0.0,17.6723946786,16
17703.414,mp_ack,0,16,0.028,1,0,,0.0,17.695538678600002,16
17728.092,mp_ack,0,16,0.015,1,0,,0.0,17.7202166786,16
17750.635,mp_ack,0,16,0.028,1,0,,0.0,17.7427596786,16
17774.22,mp_ack,0,16,0.016,1,0,,0.0,17.766344678600003,16
17796.592,mp_ack,0,16,0.018,1,0,,0.0,17.7887166786,16
17822.686,mp_ack,0,16,0.017,1,0,,0.0,17.814810678600004,16
17847.324,mp_ack,0,16,0.015,1,0,,0.0,17.8394486786,16
17875.719,mp_ack,0,16,0.026,1,0,,0.0,17.867843678600003,16
17899.365,mp_ack,0,16,0.016,1,0,,0.0,17.891489678600003,16
17920.7,mp_ack,0,16,0.015,1,0,,0.0,17.912824678600003,16
17945.215,mp_ack,0,16,0.018,1,0,,0.0,17.9373396786,16
17968.941,mp_ack,0,16,0.016,1,0,,0.0,17.9610656786,16
17990.922,mp_ack,0,16,0.019,1,0,,0.0,17.9830466786,16
18015.648,mp_ack,0,16,0.018,1,0,,0.0,18.007772678600002,16
18035.05,mp_ack,0,16,0.017,1,0,,0.0,18.0271746786,16
18058.273,mp_ack,0,16,0.018,1,0,,0.0,18.050397678600003,16
18078.566,mp_ack,0,16,0.031,1,0,,0.0,18.0706906786,16
18101.326,mp_ack,0,16,0.015,1,0,,0.0,18.093450678600004,16
18120.035,mp_ack,0,16,0.028,1,0,,0.0,18.1121596786,16
18142.102,mp_ack,0,16,0.02,1,0,,0.0,18.1342266786,16
18162.064,mp_ack,0,16,0.03,1,0,,0.0,18.1541886786,16
18187.098,mp_ack,0,16,0.021,1,0,,0.0,18.179222678600002,16
18207.758,mp_ack,0,16,0.016,1,0,,0.0,18.1998826786,16
18234.576,mp_ack,0,16,0.04,1,0,,0.0,18.2267006786,16
18258.2,mp_ack,0,16,0.02,1,0,,0.0,18.250324678600002,16
18285.06,mp_ack,0,16,0.021,1,0,,0.0,18.2771846786,16
18309.113,mp_ack,0,16,0.019,1,0,,0.0,18.301237678600003,16
18332.748,mp_ack,0,16,0.032,1,0,,0.0,18.324872678600002,16
18355.148,mp_ack,0,16,0.019,1,0,,0.0,18.347272678600003,16
18377.465,mp_ack,0,16,0.018,1,0,,0.0,18.3695896786,16
18398.059,mp_ack,0,16,0.021,1,0,,0.0,18.390183678600003,16
18424.047,mp_ack,0,16,0.038,1,0,,0.0,18.4161716786,16
18448.998,mp_ack,0,16,0.019,1,0,,0.0,18.4411226786,16
18472.178,mp_ack,0,16,0.015,1,0,,0.0,18.4643026786,16
18495.13,mp_ack,0,16,0.019,1,0,,0.0,18.487254678600003,16
18517.867,mp_ack,0,16,0.017,1,0,,0.0,18.5099916786,16
18542.154,mp_ack,0,16,0.015,1,0,,0.0,18.5342786786,16
18566.457,mp_ack,0,16,0.025,1,0,,0.0,18.5585816786,16
18588.771,mp_ack,0,16,0.032,1,0,,0.0,18.5808956786,16
18612.764,mp_ack,0,16,0.028,1,0,,0.0,18.604888678600002,16
18633.65,mp_ack,0,16,0.021,1,0,,0.0,18.625774678600003,16
18652.502,mp_ack,0,16,0.016,1,0,,0.0,18.6446266786,16
18675.023,mp_ack,0,16,0.021,1,0,,0.0,18.667147678600003,17
18697.916,mp_ack,0,16,0.017,1,0,,0.0,18.690040678600003,17
18720.535,mp_ack,0,16,0.018,1,0,,0.0,18.7126596786,17
18746.072,mp_ack,0,16,0.028,1,0,,0.0,18.7381966786,17
18767.428,mp_ack,0,16,0.028,1,0,,0.0,18.759552678600002,17
18791.11,mp_ack,0,16,0.031,1,0,,0.0,18.783234678600003,17
18812.006,mp_ack,0,16,0.018,1,0,,0.0,18.804130678600004,17
18836.95,mp_ack,0,16,0.033,1,0,,0.0,18.8290746786,17
18859.512,mp_ack,0,16,0.02,1,0,,0.0,18.8516366786,17
18882.865,mp_ack,0,16,0.039,1,0,,0.0,18.874989678600002,17
18905.191,mp_ack,0,16,0.02,1,0,,0.0,18.8973156786,17
18930.604,mp_ack,0,16,0.017,1,0,,0.0,18.922728678600002,17
18954.146,mp_ack,0,16,0.026,1,0,,0.0,18.9462706786,17
18975.594,mp_ack,0,16,0.015,1,0,,0.0,18.9677186786,17
18996.834,mp_ack,0,16,0.023,1,0,,0.0,18.9889586786,17
19022.09,mp_ack,0,16,0.021,1,0,,0.0,19.014214678600002,17
19045.21,mp_ack,0,16,0.018,1,0,,0.0,19.0373346786,17
19070.611,mp_ack,0,16,0.017,1,0,,0.0,19.062735678600003,17
19091.863,mp_ack,0,16,0.018,1,0,,0.0,19.083987678600003,17
19116.137,mp_ack,0,16,0.11,1,0,,0.0,19.108261678599998,17
19139.285,mp_ack,0,16,0.015,1,0,,0.0,19.1314096786,17
19159.947,mp_ack,0,16,0.037,1,0,,0.0,19.152071678600002,17
19185.725,mp_ack,0,16,0.018,1,0,,0.0,19.1778496786,17
19209.92,mp_ack,0,16,0.027,1,0,,0.0,19.2020446786,17
19232.477,mp_ack,0,16,0.019,1,0,,0.0,19.2246016786,17
19260.156,mp_ack,0,16,0.022,1,0,,0.0,19.252280678600002,17
19284.033,mp_ack,0,16,0.028,1,0,,0.0,19.2761576786,17
19306.832,mp_ack,0,16,0.021,1,0,,0.0,19.2989566786,17
19330.857,mp_ack,0,16,0.02,1,0,,0.0,19.3229816786,17
19354.213,mp_ack,0,16,0.036,1,0,,0.0,19.3463376786,17
19380.152,mp_ack,0,16,0.033,1,0,,0.0,19.3722766786,17
19401.975,mp_ack,0,16,0.031,1,0,,0.0,19.3940996786,17
19425.885,mp_ack,0,16,0.018,1,0,,0.0,19.4180096786,17
19449.512,mp_ack,0,16,0.014,1,0,,0.0,19.4416366786,17
19474.553,mp_ack,0,16,0.022,1,0,,0.0,19.4666776786,17
19496.287,mp_ack,0,16,0.021,1,0,,0.0,19.488411678600002,17
19518.44,mp_ack,0,16,0.019,1,0,,0.0,19.510564678599998,17
19542.047,mp_ack,0,16,0.03,1,0,,0.0,19.5341716786,17
19565.352,mp_ack,0,16,0.026,1,0,,0.0,19.5574766786,17
19585.324,mp_ack,0,16,0.018,1,0,,0.0,19.577448678600003,17
19611.557,mp_ack,0,16,0.03,1,0,,0.0,19.6036816786,17
19632.58,mp_ack,0,16,0.018,1,0,,0.0,19.624704678600004,17
19658.885,mp_ack,0,16,0.016,1,0,,0.0,19.651009678599998,17
19682.818,mp_ack,0,16,0.018,1,0,,0.0,19.6749426786,17
19706.328,mp_ack,0,16,0.023,1,0,,0.0,19.698452678600002,17
19730.266,mp_ack,0,16,0.035,1,0,,0.0,19.7223906786,17
19756.791,mp_ack,0,16,0.034,1,0,,0.0,19.748915678600003,18
19781.336,mp_ack,0,16,0.022,1,0,,0.0,19.7734606786,18
19805.502,mp_ack,0,16,0.023,1,0,,0.0,19.7976266786,18
19832.809,mp_ack,0,16,0.037,1,0,,0.0,19.8249336786,18
19859.414,mp_ack,0,16,0.016,1,0,,0.0,19.8515386786,18
19880.861,mp_ack,0,16,0.028,1,0,,0.0,19.872985678600003,18
19902.059,mp_ack,0,16,0.019,1,0,,0.0,19.8941836786,18
19926.96,mp_ack,0,16,0.018,1,0,,0.0,19.9190846786,18
19948.104,mp_ack,0,16,0.037,1,0,,0.0,19.9402286786,18
19975.244,mp_ack,0,16,0.016,1,0,,0.0,19.9673686786,18
19996.22,mp_ack,0,16,0.018,1,0,,0.0,19.9883446786,18
20022.328,mp_ack,0,16,0.016,1,0,,0.0,20.0144526786,18
20048.258,mp_ack,0,16,0.018,1,0,,0.0,20.040382678600004,18
20072.04,mp_ack,0,16,0.016,1,0,,0.0,20.0641646786,18
20094.855,mp_ack,0,16,0.02,1,0,,0.0,20.086979678600002,18
20116.152,mp_ack,0,16,0.021,1,0,,0.0,20.1082766786,18
20136.996,mp_ack,0,16,0.019,1,0,,0.0,20.1291206786,18
20161.861,mp_ack,0,16,0.022,1,0,,0.0,20.1539856786,18
20185.201,mp_ack,0,16,0.031,1,0,,0.0,20.177325678600003,18
20207.582,mp_ack,0,16,0.019,1,0,,0.0,20.1997066786,18
20228.484,mp_ack,0,16,0.016,1,0,,0.0,20.2206086786,18
20247.367,mp_ack,0,16,0.031,1,0,,0.0,20.2394916786,18
20273.469,mp_ack,0,16,0.021,1,0,,0.0,20.265593678600002,18
20299.125,mp_ack,0,16,0.015,1,0,,0.0,20.2912496786,18
20325.205,mp_ack,0,16,0.017,1,0,,0.0,20.317329678600004,18
20347.486,mp_ack,0,16,0.026,1,0,,0.0,20.339610678600003,18
20369.86,mp_ack,0,16,0.016,1,0,,0.0,20.361984678600002,18
20394.773,mp_ack,0,16,0.026,1,0,,0.0,20.3868976786,18
20416.041,mp_ack,0,16,0.021,1,0,,0.0,20.408165678600003,18
20441.25,mp_ack,0,16,0.024,1,0,,0.0,20.4333746786,18
20463.53,mp_ack,0,16,0.019,1,0,,0.0,20.4556546786,18
20489.12,mp_ack,0,16,0.028,1,0,,0.0,20.4812446786,18
20513.361,mp_ack,0,16,0.018,1,0,,0.0,20.505485678600003,18
20536.965,mp_ack,0,16,0.018,1,0,,0.0,20.529089678600002,18
20560.658,mp_ack,0,16,0.016,1,0,,0.0,20.5527826786,18
20583.771,mp_ack,0,16,0.019,1,0,,0.0,20.575895678600002,18
20606.992,mp_ack,0,16,0.039,1,0,,0.0,20.599116678599998,18
20631.068,mp_ack,0,16,0.024,1,0,,0.0,20.6231926786,18
20653.064,mp_ack,0,16,0.02,1,0,,0.0,20.6451886786,18
20678.75,mp_ack,0,16,0.015,1,0,,0.0,20.6708746786,18
20700.342,mp_ack,0,16,0.023,1,0,,0.0,20.692466678600002,18
20725.277,mp_ack,0,16,0.016,1,0,,0.0,20.717401678599998,18
20749.701,mp_ack,0,16,0.027,1,0,,0.0,20.7418256786,18
20772.188,mp_ack,0,16,0.015,1,0,,0.0,20.7643126786,18
20793.158,mp_ack,0,16,0.019,1,0,,0.0,20.7852826786,18
20816.34,mp_ack,0,16,0.019,1,0,,0.0,20.8084646786,18
20840.78,mp_ack,0,16,0.016,1,0,,0.0,20.8329046786,18
20862.424,mp_ack,0,16,0.028,1,0,,0.0,20.8545486786,19
20884.182,mp_ack,0,16,0.016,1,0,,0.0,20.876306678600002,19
20903.184,mp_ack,0,16,0.021,1,0,,0.0,20.895308678600003,19
20923.691,mp_ack,0,16,0.018,1,0,,0.0,20.9158156786,19
20946.285,mp_ack,0,16,0.018,1,0,,0.0,20.9384096786,19
20970.164,mp_ack,0,16,0.018,1,0,,0.0,20.9622886786,19
20991.66,mp_ack,0,16,0.015,1,0,,0.0,20.9837846786,19
21009.732,mp_ack,0,16,0.018,1,0,,0.0,21.0018566786,19
21032.662,mp_ack,0,16,0.016,1,0,,0.0,21.0247866786,19
21057.775,mp_ack,0,16,0.018,1,0,,0.0,21.049899678600003,19
21080.016,mp_ack,0,16,0.019,1,0,,0.0,21.0721406786,19
21099.639,mp_ack,0,16,0.019,1,0,,0.0,21.0917636786,19
21122.805,mp_ack,0,16,0.016,1,0,,0.0,21.114929678600003,19
21145.154,mp_ack,0,16,0.036,1,0,,0.0,21.1372786786,19
21167.686,mp_ack,0,16,0.022,1,0,,0.0,21.159810678600003,19
21192.85,mp_ack,0,16,0.016,1,0,,0.0,21.1849746786,19
21214.736,mp_ack,0,16,0.017,1,0,,0.0,21.206860678600002,19
21236.629,mp_ack,0,16,0.02,1,0,,0.0,21.2287536786,19
21259.277,mp_ack,0,16,0.024,1,0,,0.0,21.2514016786,19
21281.924,mp_ack,0,16,0.02,1,0,,0.0,21.2740486786,19
21304.402,mp_ack,0,16,0.015,1,0,,0.0,21.2965266786,19
21324.291,mp_ack,0,16,0.019,1,0,,0.0,21.316415678600002,19
21346.33,mp_ack,0,16,0.015,1,0,,0.0,21.3384546786,19
21372.104,mp_ack,0,16,0.017,1,0,,0.0,21.3642286786,19
21392.758,mp_ack,0,16,0.016,1,0,,0.0,21.384882678600004,19
21415.072,mp_ack,0,16,0.015,1,0,,0.0,21.407196678600002,19
21435.896,mp_ack,0,16,0.03,1,0,,0.0,21.428020678600003,19
21456.297,mp_ack,0,16,0.028,1,0,,0.0,21.4484216786,19
21481.834,mp_ack,0,16,0.035,1,0,,0.0,21.4739586786,19
21504.232,mp_ack,0,16,0.017,1,0,,0.0,21.4963566786,19
21527.7,mp_ack,0,16,0.018,1,0,,0.0,21.519824678600003,19
21549.572,mp_ack,0,16,0.015,1,0,,0.0,21.5416966786,19
21568.12,mp_ack,0,16,0.031,1,0,,0.0,21.5602446786,19
21594.22,mp_ack,0,16,0.016,1,0,,0.0,21.586344678600003,19
21616.465,mp_ack,0,16,0.016,1,0,,0.0,21.6085896786,19
21635.95,mp_ack,0,16,0.015,1,0,,0.0,21.6280746786,19
21657.523,mp_ack,0,16,0.015,1,0,,0.0,21.6496476786,19
21684.21,mp_ack,0,16,0.049,1,0,,0.0,21.6763346786,19
21707.7,mp_ack,0,16,0.027,1,0,,0.0,21.699824678600002,19
21734.398,mp_ack,0,16,0.016,1,0,,0.0,21.726522678600002,19
21756.152,mp_ack,0,16,0.02,1,0,,0.0,21.7482766786,19
21776.574,mp_ack,0,16,0.031,1,0,,0.0,21.7686986786,19
21819.432,mp_ack,0,16,0.037,1,0,,0.0,21.811556678600002,19
21863.49,mp_ack,0,16,0.056,1,0,,0.0,21.855614678600002,19
21905.043,mp_ack,0,16,0.037,1,0,,0.0,21.897167678600002,19
21946.854,mp_ack,0,16,0.059,1,0,,0.0,21.9389786786,19
